mascotaID,nameMascota,especie,raza,edad,ownerID
745-25,Rachael,perro,Gato,8,QY2G4076
709-97,Renata,loro,Conejo,6,a0DfgiEb
399-91,Sarge,conejo,Pájaro,6,k7Lv18GS
414-96,Harrie,perro,Conejo,7,BOOY6k4L
983-86,Beret,conejo,Perro,20,JH9KdD27
757-10,Lelia,loro,Pájaro,17,QW7iZNow
797-55,Gussi,hamster,Tortuga,17,7X7CfT84
231-32,Oralia,hamster,Perro,14,b11MmDP5
222-71,Erminia,perro,Pájaro,10,pwDpV0A3
924-09,Elyssa,hamster,Tortuga,14,x38dk1ym
253-19,Brad,conejo,Perro,18,LR0tBnrL
474-72,Aubree,conejo,Pájaro,0,O8l5qr26
423-96,Coleen,gato,Tortuga,4,20A25DEY
661-12,Carce,perro,Pájaro,10,EaQUTp2G
944-59,Bellina,gato,Tortuga,18,SpQ680Fr
979-56,Feodor,loro,Pájaro,10,7Dif45Zi
517-29,Layton,perro,Pájaro,6,xjtUvA0R
289-23,Pearle,hamster,Conejo,18,H8540H23
072-61,Maudie,perro,Conejo,12,wc5q958E
621-45,Ingeberg,gato,Gato,20,rF8p2310
613-32,Myrah,gato,Gato,12,MGFH2L6e
106-11,Janetta,gato,Pájaro,19,62r6G234
389-57,Bayard,hamster,Perro,14,33CZLEhT
753-92,Dorisa,loro,Perro,13,R2Q4BoWj
212-32,Sonnie,perro,Perro,17,H28upSEA
762-56,Lazarus,loro,Perro,8,5309F9M8
849-43,Amy,loro,Gato,2,g3wN9lfx
169-10,Tonia,conejo,Perro,7,P0lQepoA
959-66,Noelyn,perro,Perro,19,b31PA5tU
213-99,Tailor,conejo,Tortuga,17,hfqs8D94
507-27,Morry,conejo,Conejo,7,gWhQ4y4X
912-05,Lizbeth,conejo,Conejo,10,oXWIqIHF
846-35,Frederich,loro,Conejo,9,K9wBkRq7
492-60,Bobette,gato,Conejo,8,Cn2GV0rm
635-55,Lyndsey,loro,Tortuga,1,lO0HVH5l
856-10,Kathy,loro,Conejo,12,lK0amqI8
688-37,Karlie,loro,Conejo,12,zJu37WfX
999-27,Rozalin,hamster,Conejo,0,orXS7T0u
368-46,Winne,gato,Tortuga,15,4aFM53tt
890-15,Reeta,gato,Perro,11,4Qy68d0e
256-25,Myrtice,hamster,Conejo,15,Y2A7Al6u
379-63,Carmina,loro,Gato,12,gh3sni3P
515-43,Patrizia,perro,Pájaro,13,kuOmbFaC
339-25,Devondra,loro,Perro,3,Bb91W0AC
912-80,Michaela,perro,Perro,19,Igtz0y8T
250-55,Eilis,conejo,Tortuga,7,2YjK27Pc
993-23,Ronny,perro,Pájaro,5,Ud8447Ej
174-89,Emmit,loro,Conejo,16,KZJJ7wJ0
310-19,Liam,loro,Pájaro,17,Czk53g0r
757-28,Fran,conejo,Perro,11,fo7Z7SLf
869-76,Barbra,conejo,Conejo,5,4HIvrGyK
015-56,Shirleen,perro,Tortuga,3,2kiDh3GW
461-82,Knox,hamster,Tortuga,19,8RzfYx54
125-17,Bernarr,gato,Perro,9,9iGAs35n
007-47,Siward,hamster,Perro,10,AgrLJhsG
044-84,Bernard,conejo,Tortuga,8,C24FjXx3
589-27,Ange,perro,Pájaro,10,GdoNWnHx
118-08,Dulciana,conejo,Gato,4,62NFQomZ
120-12,Rae,hamster,Tortuga,13,k7xy753f
440-82,Magdaia,hamster,Pájaro,15,q1iK6B12
776-30,Doy,perro,Conejo,10,NLwHJq3Q
914-93,Netta,loro,Conejo,9,IvSngy39
203-86,Micky,hamster,Conejo,15,S1hWS0qh
344-93,Kirsten,hamster,Perro,2,04S93ikR
894-97,Annabell,gato,Gato,9,dg4EWs67
932-54,Leonora,hamster,Tortuga,3,qnFM1dN3
147-69,Stavros,gato,Perro,5,14UlWvx6
232-84,Celene,perro,Perro,1,fKGQVTL0
329-12,Norene,hamster,Tortuga,17,lQX53irn
150-79,Cass,loro,Conejo,3,pKdUjHC9
797-39,Burch,gato,Conejo,14,1ezkXA38
343-18,Millisent,hamster,Tortuga,2,IGyi0801
980-30,Rolfe,perro,Perro,12,sd954MCn
208-54,Sharona,conejo,Perro,0,17FiSBSP
151-99,Mahmoud,loro,Pájaro,5,tTyEv60F
336-48,Saraann,gato,Tortuga,19,oVF4WXf6
797-65,Berti,hamster,Perro,20,7P121Snt
382-45,Katerina,gato,Pájaro,4,enIDV0L4
922-25,Jannel,conejo,Gato,5,12b9iKs1
918-01,Andeee,gato,Perro,5,7gy7o9X0
515-12,Maegan,conejo,Pájaro,2,wsuxcfSl
881-83,Dulciana,conejo,Conejo,3,H8MaUy85
752-60,Alejandra,perro,Conejo,5,Rgl86bjd
893-51,Karim,conejo,Conejo,2,Z1Fw9dH2
349-11,Clotilda,gato,Conejo,6,PwRAVCtC
418-49,Olly,hamster,Gato,19,3d4u7b12
720-32,Royce,loro,Pájaro,11,bWRWz6zG
367-38,Elga,gato,Tortuga,4,Vz5QZKio
107-16,Staffard,conejo,Gato,9,87koT8sf
362-85,Florina,gato,Gato,7,990owXZv
033-78,Richie,conejo,Perro,15,lw5KymI6
146-36,Guntar,loro,Perro,17,r0JWK7DH
720-55,Phillie,hamster,Perro,7,tn5WMz2q
473-88,Cosme,hamster,Conejo,15,64ewAU14
376-14,Connie,gato,Tortuga,19,4L9jABn8
563-61,Brandy,hamster,Conejo,6,WmQj612w
922-63,Milissent,conejo,Conejo,14,I12EDfMV
090-85,Hansiain,hamster,Perro,6,8W65QpDV
873-14,Perri,loro,Pájaro,2,M4I5M0X8
445-19,Caitrin,conejo,Gato,5,49Yn4WqL
777-94,Charmian,gato,Pájaro,1,4BI236Ps
298-92,Zahara,loro,Gato,3,79PwI0tO
049-36,Robbi,hamster,Perro,12,29uQOj72
900-80,Vance,loro,Conejo,13,367GWiZ5
712-02,Dyan,perro,Conejo,10,bFeFsbQJ
062-40,Leo,loro,Perro,1,xzazmpxG
564-01,Anica,loro,Perro,6,2e5AM9A7
898-93,Thedrick,conejo,Gato,5,vy3bx6PJ
242-72,Caterina,gato,Pájaro,1,74HIVnzs
869-88,Hewett,loro,Gato,7,760j8058
308-29,Chandra,perro,Perro,6,qfIFfcRI
747-39,Gillian,hamster,Perro,15,D422aiKU
948-76,Lina,hamster,Pájaro,13,peE1759l
142-24,Alena,gato,Conejo,15,RXCj2PTy
177-79,Maribelle,hamster,Tortuga,6,m1g5P44o
298-93,Gram,conejo,Tortuga,2,EZU93DEG
628-95,Lory,conejo,Tortuga,14,0fJHK465
429-90,Rhett,conejo,Conejo,10,3877cFOQ
308-70,Lewie,conejo,Pájaro,0,8R09acjq
410-69,Dalston,perro,Perro,3,8AmKWG9a
210-90,Meade,gato,Pájaro,7,49NhH2Pt
600-13,Kayle,conejo,Tortuga,5,0vVG28a7
146-75,Manfred,gato,Tortuga,8,Z57qsjZu
498-62,Alwin,perro,Tortuga,9,36FL1Q39
491-61,Rosemaria,gato,Pájaro,17,8H9xF6fI
361-38,Conant,conejo,Tortuga,18,GwRh4Tf7
404-83,Eydie,conejo,Conejo,8,9pwUNdrc
438-31,Mohandas,hamster,Gato,9,oFfSTgya
456-23,Kendall,loro,Conejo,20,QZ8NH6l5
600-36,Fairleigh,conejo,Pájaro,14,y6mh8Ti7
459-42,Deedee,conejo,Pájaro,8,2fsTj9TH
396-30,Lory,hamster,Conejo,4,vP0krh8T
839-40,Donni,gato,Tortuga,18,mfGBtLol
598-81,Teddy,perro,Tortuga,8,37WCytXw
453-24,Rona,gato,Pájaro,2,FuG46q24
834-58,Friedrich,gato,Perro,14,7n6Kmu3M
137-40,Rudiger,perro,Conejo,6,nAYKGde0
055-40,Hali,hamster,Gato,2,O41v9H02
411-04,Marcus,loro,Perro,7,34oZ3FUM
995-59,Zechariah,loro,Perro,3,9EuUvmu5
303-65,Chas,conejo,Tortuga,14,2q173n5B
760-61,Dorise,perro,Tortuga,19,xNwJMzu6
382-04,Sigismundo,gato,Gato,4,36RsXlDT
211-35,Cooper,loro,Pájaro,11,2yBJBV5O
314-24,Cordell,conejo,Pájaro,14,Hi9qNd5Z
845-37,Karlens,gato,Perro,11,796fFLqg
582-02,Brynna,hamster,Perro,8,047GG08k
858-17,Kathlin,gato,Gato,9,5H4fsvuZ
890-11,Clarette,hamster,Tortuga,20,c12zGvxE
252-82,Ingrim,gato,Conejo,13,zMdjc2rl
361-11,Jan,gato,Gato,14,7Iuf8E04
456-59,Domenic,hamster,Tortuga,4,0t1zNC6w
840-72,Tawsha,loro,Gato,9,hiO6B7BT
903-47,Irvin,conejo,Perro,18,rz2SLt0W
290-20,Abbie,perro,Pájaro,5,rWs9n1Er
498-75,Marchall,loro,Gato,12,Rm3Roomq
972-31,Sondra,loro,Tortuga,4,JU0j6XyW
186-91,Silvana,loro,Gato,1,Rm2mGxKu
702-42,Nappie,gato,Conejo,9,rdCmS5kX
132-39,Lenard,conejo,Pájaro,17,7I75q1PZ
912-51,Mariette,hamster,Conejo,4,40382dlX
234-30,Rollins,loro,Gato,19,G22GNw6Q
485-14,Reggie,loro,Pájaro,2,fzuJP4Hr
749-97,Natalie,perro,Conejo,19,2F6JF2UH
760-81,Alyse,conejo,Conejo,13,VVHMne2v
562-52,Bev,gato,Conejo,5,eXjyvR34
006-57,Sileas,hamster,Perro,8,9QHb6pic
545-67,Ali,hamster,Gato,0,UHO55Y6D
096-05,Camille,loro,Conejo,5,H2pugd9t
717-84,Virgie,loro,Perro,6,QZ1Krzu8
021-83,Ruth,hamster,Tortuga,4,kF785Ap6
726-03,Chelsea,gato,Perro,15,X063aW9M
248-91,Verna,conejo,Pájaro,12,O7pMM447
189-44,Ellen,loro,Conejo,4,5S3rnety
401-66,Griff,loro,Conejo,5,6mIsZBfz
984-27,Lindsey,conejo,Gato,14,nah2lo00
054-65,Beaufort,conejo,Perro,7,q99LFU5n
169-90,Kit,conejo,Gato,15,7h7REk5k
792-90,Derk,gato,Conejo,0,v7hN1iN5
534-56,Noak,perro,Conejo,13,uJw95Emm
610-21,Georgeta,gato,Tortuga,9,Op4z9A51
127-33,Ibby,conejo,Gato,18,68137Kkm
907-92,Siobhan,loro,Tortuga,5,ZyL5NTc6
479-40,Natalie,loro,Perro,12,z6gTT8dr
650-33,Gabriell,perro,Tortuga,12,9qF1QqG6
620-61,Powell,gato,Tortuga,12,4zhu9va8
378-67,Diena,loro,Perro,13,mdxL8bwW
211-46,Evania,hamster,Tortuga,20,mZq2B10R
284-49,Abramo,perro,Gato,12,P3HMTr4N
220-78,Roth,hamster,Pájaro,10,3FYwW1hu
524-25,Kimberli,gato,Gato,15,m2dU0mRN
585-63,Jamill,conejo,Gato,17,370F3mH7
933-13,Isak,hamster,Pájaro,20,EB0Djqcn
571-14,Sisely,loro,Gato,12,h4WrsLMo
031-14,Claudian,gato,Gato,10,1014On99
146-96,Bruis,conejo,Perro,0,l0cU1QVn
316-26,Fran,gato,Tortuga,7,R3U2saRD
027-17,Herc,loro,Gato,18,9YfLy0Pl
477-88,Putnam,gato,Pájaro,14,CREQf1Ly
614-91,Anton,gato,Tortuga,5,1oe89W1U
104-67,Suzette,perro,Gato,8,6CykJL99
704-56,Meir,perro,Pájaro,4,EJKis9AX
291-18,Reinhold,gato,Tortuga,0,aEAsSXeb
265-05,Emera,perro,Pájaro,2,LS36gxbb
474-53,Aile,perro,Gato,7,I1W1o3fA
630-93,Tonya,conejo,Gato,3,Yi56r831
242-65,Vidovic,conejo,Perro,15,Jwy4RWzC
376-10,Marve,hamster,Tortuga,0,K5h9UJ88
143-20,Link,hamster,Perro,8,3EO0m8Ol
540-92,Brantley,conejo,Tortuga,11,hoIDwOae
560-09,Menard,loro,Tortuga,1,7i1h38jI
523-25,Celine,loro,Pájaro,9,G56uXV61
866-15,Philly,perro,Tortuga,2,t0r0TIGG
886-45,Barbey,hamster,Gato,13,wGrf1uTl
967-71,Fan,loro,Pájaro,9,gt8Z8x1K
003-43,Corny,hamster,Pájaro,17,F78YE1pJ
673-94,Malia,gato,Conejo,1,07ch8Xi7
247-31,Morley,hamster,Pájaro,20,40Auco8z
025-98,Arv,loro,Conejo,19,H55fwy6C
223-29,Alysia,loro,Gato,18,5o25FO9a
514-28,Lana,hamster,Pájaro,3,VG3FG1ea
708-33,Hort,perro,Pájaro,20,2705ID5C
013-16,Neile,gato,Pájaro,16,8E446N8Q
440-73,Micheil,gato,Conejo,2,1519Ul78
005-67,Damara,gato,Pájaro,3,847CGUI6
747-09,Nicolette,conejo,Pájaro,17,HTHh8l64
723-69,Tony,perro,Perro,1,8vPx55Qy
714-34,Mandel,perro,Conejo,16,975250Kq
572-23,Darci,perro,Gato,2,4KrJv1p6
494-72,Levey,loro,Gato,9,f3NVD3N4
801-64,Gelya,gato,Tortuga,6,QH64ab8s
724-00,Liam,hamster,Conejo,6,dT6a266I
130-96,Amory,hamster,Gato,19,4EEsg72u
560-91,Frances,conejo,Conejo,9,wxicXS49
276-10,Lamont,gato,Pájaro,0,628X9353
007-62,Holly,perro,Perro,17,HoJkuq26
977-42,Damien,hamster,Tortuga,0,Op62u9bH
318-97,Gradeigh,conejo,Tortuga,4,2HGIcCvv
427-43,Dmitri,conejo,Conejo,2,5mSdZN8Y
130-59,Hinda,conejo,Gato,6,PmqBi7T7
217-00,Tonye,perro,Tortuga,3,k28SU0oJ
260-93,Ede,perro,Tortuga,10,J9dKVO5F
173-78,Berkie,conejo,Conejo,1,c10VVH6Y
569-06,Fawn,gato,Pájaro,15,01hblvQu
020-25,Gillian,loro,Conejo,15,nf7gqI4h
371-25,Aimil,gato,Pájaro,19,0kKe9nTw
395-80,Wenonah,conejo,Perro,11,JyBEkn1h
425-09,Kimberli,hamster,Gato,9,PQMu6ttg
357-17,Jilli,hamster,Perro,5,W8E5KPs6
693-35,Adelbert,loro,Conejo,15,1JSdNq2B
897-99,Caryl,hamster,Gato,12,9sk95YLF
872-80,Troy,perro,Pájaro,17,2sa2Y43S
256-75,Romy,conejo,Conejo,7,MdL948Yn
036-19,Lanni,gato,Gato,15,2r7IXlQR
030-23,Malva,perro,Tortuga,6,Hji2QMLG
041-92,Bo,conejo,Tortuga,13,ATW2c0vM
432-12,Rodrick,gato,Perro,15,R23G9Vy9
564-76,Persis,gato,Gato,20,xxZrZsxr
315-61,Marcela,loro,Gato,5,2516QyLq
995-13,Markus,conejo,Gato,18,fdmuN5ZT
884-31,Elizabeth,gato,Perro,18,3mR5j5O9
561-99,Kristien,hamster,Perro,4,04hOCs79
381-30,Dallas,loro,Gato,9,l1lJ6g43
829-98,Val,loro,Gato,18,80HnR3B9
853-08,Forbes,perro,Conejo,0,TB2B952z
600-22,Sindee,hamster,Perro,17,aVgQGZWH
654-27,Vilhelmina,loro,Perro,16,EJi2u2ah
740-66,Stace,conejo,Pájaro,16,HrEAg2J9
025-19,Melodee,perro,Pájaro,13,msjN3Blc
991-17,Merv,conejo,Tortuga,15,Qllh6wcT
815-17,Jacquette,perro,Pájaro,14,5UZs9sGJ
689-70,Sheba,gato,Conejo,10,EDSDP73Z
947-54,Bernelle,conejo,Gato,19,g1zA8H17
191-46,Sauncho,conejo,Tortuga,3,BBUP9rTj
304-87,Bianka,hamster,Perro,5,3884V19l
537-86,Aleda,conejo,Gato,6,Mzx1Kjj2
668-30,Arron,perro,Gato,6,4FkNDSGL
563-22,Regan,perro,Conejo,8,F2SoIbfB
091-90,Antonia,perro,Pájaro,10,ZOepqT98
346-45,Kingston,hamster,Conejo,16,VLi9Jd4u
162-50,Daisi,gato,Perro,2,0Xa6VCWn
990-18,Byrann,gato,Tortuga,8,Wh846mJP
843-03,Fiann,perro,Conejo,8,99s7ANHN
238-97,Robb,perro,Gato,4,L9I8AICi
803-01,Nevin,hamster,Conejo,3,Gq5R1C73
096-30,Rickie,hamster,Conejo,13,dyR84KLp
421-42,Rici,gato,Pájaro,13,g17yaZ8v
312-99,Herbie,hamster,Gato,11,Zilw94ia
742-90,Yurik,perro,Pájaro,3,wE02C0Lo
468-77,Sharia,perro,Conejo,12,B63hh5DK
605-44,Jacky,loro,Gato,11,33gLXXEc
068-20,Benito,gato,Perro,7,ur2io6z8
638-02,Hally,hamster,Perro,12,C96QuK55
179-06,Coralie,hamster,Perro,10,ZRoDdy5v
031-13,Regan,conejo,Pájaro,13,rTH6rA32
811-91,Stanley,conejo,Perro,17,VPW2GfQ1
117-72,Edy,conejo,Conejo,3,6h0bi3bj
659-65,Eddie,conejo,Gato,14,g00klDUT
832-98,Ingeberg,loro,Perro,2,RUpl7Nhu
598-54,Pat,loro,Tortuga,20,Op9uuh1H
086-38,Bryon,perro,Pájaro,10,0wKv89Dy
110-00,Rene,perro,Tortuga,18,z4FHH9BP
577-92,Mable,gato,Pájaro,12,5dDeFtC0
413-30,Drusie,conejo,Conejo,17,7Mz0M6pF
561-15,Sig,gato,Gato,7,bD4g6j2e
893-10,Quintus,loro,Tortuga,8,96o97zIG
495-14,Caleb,conejo,Pájaro,18,izErmoCQ
548-90,Thorin,conejo,Conejo,16,907Wx43x
146-46,Cris,conejo,Perro,19,WEud1FEh
483-85,Dud,hamster,Perro,4,8T907FFl
661-77,Terrence,conejo,Perro,18,5ySStB0N
558-30,Edvard,loro,Perro,13,4FZpuNni
087-17,Jenn,hamster,Tortuga,8,NXxh0jOr
052-13,Tailor,conejo,Gato,9,k0Kook9M
475-83,Meredith,loro,Conejo,16,I0Nh4TRG
495-61,Hilary,gato,Pájaro,9,5ykbCch1
933-66,Tommie,loro,Tortuga,16,N0kyb43y
954-13,Alanson,conejo,Gato,8,C8o8W8Ox
304-40,Oren,perro,Perro,8,65q9K0mX
393-49,Rusty,hamster,Perro,5,N48431Lm
093-07,Mitchel,gato,Gato,3,489jwU9X
053-89,Renato,gato,Pájaro,20,uKtOJQdx
468-99,Brandais,perro,Conejo,16,uIKahByW
298-05,Alene,hamster,Pájaro,0,92Cp2ex7
986-03,Becka,perro,Perro,1,l40LXs6e
819-43,Andriette,conejo,Perro,13,h73kD79U
362-87,Kalvin,gato,Conejo,8,QZQSB6Ka
795-27,Hilarius,gato,Perro,15,dotleRz5
802-00,Abby,hamster,Gato,2,t425xmbp
674-84,Godwin,gato,Perro,1,v65o7F1V
486-37,Beverlie,gato,Perro,14,hX4HgkYG
828-09,Constantia,gato,Gato,15,dqPE08e2
589-95,Archambault,hamster,Conejo,13,7p11To2g
231-82,Benji,perro,Conejo,1,136MSvaQ
303-15,Cecilius,conejo,Conejo,15,eGjqjEIQ
396-77,Neron,perro,Tortuga,9,IMOqXkK8
753-15,Gamaliel,perro,Pájaro,2,1pWCS6ma
074-87,Ignatius,conejo,Gato,12,XWiy4TsT
943-83,Moritz,hamster,Gato,20,d4z0hYR9
722-09,Lynelle,gato,Perro,6,ymmW1Nv2
559-95,Skippie,gato,Perro,11,0cS6yjdt
167-13,Marney,hamster,Tortuga,14,C9f6KlYe
714-97,Liana,conejo,Tortuga,19,p3bAwr8W
428-71,Christian,gato,Gato,0,2N434o0P
826-42,Tove,conejo,Gato,9,mf7rhmVx
432-50,Maddi,gato,Conejo,17,26W85Eh5
703-83,Wendel,hamster,Perro,0,1QrU01CX
070-26,Jarred,gato,Pájaro,2,V3uWmnsd
140-21,Stavros,gato,Pájaro,0,sLYO398f
723-51,Jordain,loro,Pájaro,18,F0YOmBTD
975-36,Ram,gato,Perro,10,S2hf7mxG
583-57,Harman,perro,Perro,18,VgsyZr8P
946-21,Brenda,hamster,Tortuga,16,gb579s9O
916-66,Ivy,gato,Pájaro,7,grOHrRr8
940-51,Kylila,gato,Conejo,17,6GiJHWHB
168-93,Fannie,conejo,Pájaro,9,0VUBhw56
627-27,Evonne,conejo,Pájaro,1,0A5Lf986
705-03,Alberta,perro,Conejo,6,r7lURTcX
423-00,Filippo,loro,Gato,12,6iGYf7Vd
117-48,Burnaby,perro,Perro,8,d54a4U2t
280-32,Valencia,perro,Pájaro,9,0u4IxWEG
448-49,Park,perro,Perro,4,6aZtijYL
572-04,Bryanty,loro,Perro,16,c142R323
175-83,Diandra,gato,Conejo,8,Nx4a7MPN
270-73,Augy,hamster,Pájaro,7,AsHPRihk
485-61,Vin,conejo,Pájaro,17,TmZ62DSk
897-77,Fabian,gato,Tortuga,12,26i4HPoA
080-60,Lezley,conejo,Conejo,11,2P2KQyoM
807-17,Findley,hamster,Conejo,1,6lcR5zZL
891-71,Uta,loro,Conejo,1,5n25namN
293-87,Adella,gato,Gato,0,LjBX2Tz4
080-19,Armstrong,conejo,Perro,13,A2X0W69E
261-58,Field,hamster,Pájaro,20,4hza9vaN
737-89,Cointon,gato,Gato,4,t2j85vWF
041-35,Tessie,perro,Gato,0,E6IqFxO5
080-61,Katrinka,gato,Gato,7,i3Ot1IT7
159-61,Dane,loro,Tortuga,4,eDEHU317
628-91,Steffane,loro,Conejo,12,Dt8c6W97
428-03,Henryetta,loro,Pájaro,0,4Mfy9na4
529-95,Avrit,gato,Pájaro,1,45FTBWM6
739-22,Art,hamster,Perro,1,xMV764Pt
881-95,Colette,perro,Tortuga,17,dUN81ck1
511-01,Garnet,perro,Tortuga,14,DV1QOTM2
585-58,Bernita,gato,Tortuga,0,0NB63Bcs
495-37,Welbie,conejo,Tortuga,0,22dy2EH6
500-73,Jeannine,hamster,Tortuga,18,To55eYY6
761-07,Mela,gato,Pájaro,13,K630V8Bc
403-43,May,loro,Conejo,9,7MdV0sDk
106-09,Marlow,gato,Gato,10,pS1IT9QL
154-89,Eberto,loro,Pájaro,4,WKb1d1tb
575-69,Jarvis,gato,Gato,11,4dmgRf6I
757-37,Opaline,gato,Gato,15,484Rn3nH
344-19,Georgi,loro,Conejo,18,3qekZOYl
170-73,Kathlin,hamster,Conejo,5,63e0i7t9
868-03,Giacopo,hamster,Tortuga,12,Jz789nNx
160-09,Ferguson,perro,Tortuga,7,dQRxev8y
855-52,Lin,conejo,Gato,1,2JPynxse
857-55,Judah,conejo,Pájaro,7,O4DoWjqM
856-35,Brucie,perro,Conejo,3,7tCf8F03
779-22,Tom,conejo,Gato,15,kAZXv5aA
546-21,Sheffy,loro,Tortuga,11,otWc1lTW
810-23,Morna,perro,Tortuga,20,4993AgYO
420-20,Edna,loro,Pájaro,2,C2TvI06r
182-22,Rakel,conejo,Gato,6,yp8rs7Y4
025-69,Aidan,perro,Perro,13,b5D6FGOM
531-19,Casandra,conejo,Conejo,13,TOxhvqGX
831-25,Andros,hamster,Tortuga,17,Dx4kH0Z9
201-76,Antonietta,conejo,Perro,19,5pvct9G1
675-46,Isabeau,perro,Conejo,7,MKcxLRzB
179-44,Minetta,hamster,Conejo,14,vgw1jb0g
948-19,Ignace,conejo,Perro,8,MZ4S762Q
990-53,Lauretta,conejo,Pájaro,7,Bbu0wVQ5
312-75,Franky,gato,Tortuga,5,hi5kknnZ
748-64,Irita,hamster,Pájaro,14,Q4qQ97PT
323-04,Wang,conejo,Conejo,8,eNPE89Kd
441-20,Layney,perro,Pájaro,16,2L9ROxQ4
119-08,Revkah,gato,Tortuga,18,7c90fSq4
003-82,Della,hamster,Perro,1,L66VV35c
889-34,Hedvig,loro,Tortuga,13,CeuVnOvI
133-33,Farlie,perro,Tortuga,19,kH2iGHCh
543-19,Kattie,gato,Gato,10,K9Q0hOvL
681-37,Jacquetta,perro,Pájaro,8,9eC931dT
111-26,Bartolomeo,loro,Pájaro,13,9hl857Tj
791-56,Wanda,loro,Gato,9,2ZbK702M
060-51,Valentina,hamster,Conejo,9,982bL95m
421-83,Annora,conejo,Tortuga,19,QF4U2B40
966-20,Ichabod,gato,Conejo,7,3Z7BaeYo
977-87,Morgen,gato,Perro,20,g68bTW0M
970-95,Vaughan,hamster,Tortuga,9,ScC0mFHR
563-31,Ethyl,conejo,Tortuga,17,1B75cypT
749-21,Ingrim,conejo,Pájaro,19,8JQn7YWc
723-09,Dredi,loro,Gato,4,0yChUKal
284-71,Madlin,conejo,Conejo,17,xz6RRt24
573-96,Jamill,loro,Tortuga,9,7CsiMdWJ
289-88,Rodney,loro,Tortuga,15,lTExOgk9
691-75,Dari,gato,Pájaro,6,Sfa34lrJ
576-01,Caspar,perro,Pájaro,6,DZ4vXdY6
372-43,Reeba,loro,Conejo,1,9jjf2WRL
183-21,Delaney,perro,Tortuga,5,BIDRT33d
905-42,Joly,loro,Perro,20,KsGHS22B
318-64,Olympie,perro,Perro,18,NTdI3Ox6
990-96,Lia,loro,Conejo,17,6V6z2wP7
234-52,Flss,loro,Tortuga,11,S1V1qioM
412-86,Rem,hamster,Gato,19,p2B872lk
316-42,Reeva,perro,Pájaro,3,pOn48F32
453-66,Ezequiel,loro,Tortuga,8,q8497nbU
010-47,Robinetta,hamster,Tortuga,8,l0plAmT3
252-34,Geno,hamster,Pájaro,15,m2QbvyKd
379-80,Morry,gato,Gato,17,9Y10S0Wh
240-00,Fee,gato,Gato,1,x34GtO8Q
271-45,Keely,loro,Perro,14,d834kI84
885-46,Glendon,hamster,Conejo,19,IbHedPiK
806-30,Raven,perro,Tortuga,0,TsFkB5o1
097-79,Stoddard,conejo,Tortuga,14,7S0JKOjt
335-87,Sam,perro,Perro,8,ce80LTRU
700-46,Sapphire,loro,Conejo,20,1S32SRfP
120-23,Raff,gato,Perro,19,Nih4kIgF
670-82,Rodd,hamster,Pájaro,17,Qtwd0nxE
239-59,Lionello,loro,Gato,11,RiC4W4g1
439-34,Amelina,loro,Perro,13,28xvGt0F
271-08,Conny,loro,Conejo,12,7m2gZ950
607-15,Catlee,gato,Conejo,2,F20Azcjk
189-54,Shela,perro,Gato,10,kc4JKOG9
332-90,Toddy,loro,Tortuga,17,Bsljeq7u
088-06,Harli,loro,Perro,1,7c6g0YF3
548-26,Guillema,perro,Tortuga,14,1P5Lrulp
844-31,Jobina,conejo,Perro,4,Gw3v670S
975-36,Cornie,perro,Pájaro,16,0y78VYkd
026-80,Erastus,conejo,Pájaro,13,oi61KwUF
802-36,Care,conejo,Tortuga,8,1q5u24BU
667-57,Sholom,conejo,Conejo,3,0krF8rXn
201-15,Maurene,loro,Gato,6,V9oQr15g
470-14,Zaccaria,hamster,Gato,16,qQ0APL5Y
451-49,Elga,gato,Tortuga,6,y6JffhKh
662-03,Waldo,conejo,Tortuga,18,D6o47m7Q
679-99,Milli,hamster,Conejo,0,22qIsEbJ
583-76,Kippy,loro,Gato,7,0iTcrc3g
684-19,Niki,loro,Conejo,15,er1Stfwr
980-79,Jackie,perro,Tortuga,5,HuDnQjG5
554-15,Garth,perro,Gato,7,G0E1sW5d
071-04,Audre,perro,Conejo,8,id3vzTHZ
492-96,Caspar,gato,Conejo,14,x1591qwl
323-97,Karolina,conejo,Pájaro,20,0d9o77MZ
081-69,Lothaire,hamster,Pájaro,15,4etVn5n0
783-89,Paquito,conejo,Perro,7,psSvC08w
979-96,Stearn,hamster,Conejo,6,3T1MK48x
951-75,Karalynn,loro,Gato,14,L5zd0Y1Y
268-93,Allix,perro,Conejo,16,LDbf7Rh2
050-49,Brett,hamster,Perro,6,632fT0pP
215-68,Torrence,loro,Perro,16,2OLrWuDd
607-72,Trula,hamster,Pájaro,14,386sg985
969-20,Bobbie,perro,Perro,9,1BzNKys3
140-73,Gloriana,perro,Pájaro,12,pNVqpc29
553-85,Jill,hamster,Conejo,19,3p4q8qs9
291-15,Cass,loro,Pájaro,6,easG8QcM
272-28,Iorgo,loro,Tortuga,9,muQM202g
423-19,Lyda,hamster,Perro,2,U1O9hk15
869-42,Reeva,conejo,Pájaro,15,7x3x51mm
497-18,Minnnie,perro,Tortuga,16,26c6D2iU
562-26,Kalindi,conejo,Conejo,16,bFA183W3
667-34,Blanca,gato,Tortuga,3,qm97glK8
992-68,Anni,perro,Conejo,10,h8hsx0Yr
691-29,Orton,loro,Tortuga,8,K6n9gl4T
089-93,Robbie,hamster,Perro,7,xCWg48g0
329-55,Dayle,gato,Pájaro,18,5eYTN0Mc
006-03,Farly,loro,Pájaro,3,3cn5araV
962-94,Adlai,conejo,Tortuga,13,Bh26flnz
661-23,Collen,perro,Tortuga,10,X90bQl0u
702-54,Alisa,gato,Conejo,17,5Qg4N8G8
469-52,Beverly,gato,Perro,10,E44au295
456-25,Gleda,gato,Tortuga,12,I798bQag
502-53,Cymbre,conejo,Conejo,1,w5ZHJb6c
606-58,Cathlene,perro,Conejo,3,3Wh75GVH
668-02,Felicle,gato,Gato,8,7cbU6j93
811-98,Elsi,gato,Pájaro,3,7dOXM112
695-40,Shirlene,hamster,Tortuga,13,3k95hSep
639-32,Merv,loro,Conejo,4,x98IJVKu
606-59,Nealy,gato,Gato,13,4a8xvE7R
264-20,Pauletta,conejo,Gato,8,4B29CFoo
184-99,Bella,conejo,Perro,12,g4Io7Y2T
561-13,Darsey,gato,Perro,14,tYxc7aik
654-19,Di,perro,Perro,20,1Eo8I1bs
585-27,Korie,loro,Pájaro,1,9Sxib4Xh
071-30,Aurelea,gato,Perro,13,3HL0CNb0
634-98,Pansie,conejo,Perro,10,Ay93Ml58
003-75,Bern,perro,Conejo,19,13qUYyPL
561-14,Granger,loro,Pájaro,18,d2UPW6bk
977-26,Evania,perro,Conejo,11,872PTIU1
425-88,Kyla,hamster,Tortuga,5,l11aQl7a
745-43,Marney,perro,Conejo,3,DMHKomhc
225-25,Andriette,perro,Tortuga,5,I2827oyT
543-95,Lawry,hamster,Conejo,10,kFeiX870
303-66,Anthe,loro,Tortuga,17,5eZ8lSwv
951-71,Evania,loro,Conejo,2,Gw40uxSt
558-95,Quintin,conejo,Conejo,20,x6dm9C8K
206-12,Geneva,conejo,Tortuga,4,pG0WRVeM
644-03,Derrek,conejo,Gato,0,40PwU9Va
930-43,Carmine,loro,Gato,17,rjvdKTQ1
987-26,Doreen,conejo,Tortuga,3,2H91l8Gi
097-35,Peder,conejo,Perro,0,sxw43K2b
003-39,Lisabeth,gato,Conejo,12,86Cr3nOg
791-39,Teddy,loro,Perro,17,1CFgp8zO
676-18,Wes,loro,Perro,5,k9aVTMFn
059-45,Ofelia,perro,Pájaro,20,jO8R9949
856-02,Jaymee,gato,Conejo,2,kIqrr5sS
223-23,Genni,perro,Perro,17,VUPeL53S
511-25,Jethro,loro,Pájaro,11,dbu8UB3L
118-37,Heidi,perro,Conejo,14,1380ntVd
930-24,Silva,gato,Tortuga,14,EcEd8q3G
870-14,Zonda,loro,Conejo,17,wjIFjMOI
182-15,Gaven,gato,Perro,7,C3ANBv8w
100-23,Brantley,gato,Pájaro,17,pwk2IEwo
857-45,Northrup,loro,Perro,11,s9N94T36
995-58,Rodger,loro,Pájaro,13,7btfH2X6
406-38,Anica,hamster,Gato,4,t4MQ0hny
088-55,Waite,conejo,Conejo,15,e2i1ixZ8
841-89,Sheri,hamster,Pájaro,1,G617G0By
444-94,Audra,hamster,Perro,1,EtX4Ei67
644-78,Rubi,gato,Gato,17,05Sc4v47
547-94,Xymenes,gato,Conejo,13,h9rE6zw8
905-81,Nickey,perro,Conejo,3,BI9C6Oy8
208-90,Victoria,gato,Perro,2,lG6xCBSi
356-09,Joana,perro,Tortuga,18,788OOVe5
933-94,Jerald,perro,Gato,1,adl8Tjl4
811-17,Griff,hamster,Gato,8,WG1VJB8s
672-15,Marena,perro,Pájaro,18,q4458nxG
242-14,Misti,gato,Tortuga,9,8aDet5wa
549-39,Thadeus,perro,Perro,7,2599ACBb
529-82,Diannne,gato,Perro,10,TvkHPKdz
263-40,Dorrie,hamster,Gato,20,XD02J76m
133-76,Llywellyn,loro,Pájaro,1,Nl35G9RD
293-76,Blake,loro,Conejo,20,1308znwY
504-91,Kain,perro,Tortuga,7,73o4cQqH
398-72,Ira,hamster,Tortuga,4,lLR483eS
122-12,Joshuah,hamster,Gato,9,Oa1n4wph
597-80,Matty,gato,Gato,11,R23FX8C0
293-26,Dino,conejo,Perro,6,RfK16z7F
298-52,Kalle,gato,Tortuga,11,V5354GZQ
446-26,Lynn,gato,Conejo,20,0lIETN0O
587-30,Benedetta,gato,Perro,5,7Lqdf9Lq
808-81,Wilbur,conejo,Gato,6,9Nj23onm
344-04,Rickie,gato,Perro,17,C46u3c4j
286-59,Spenser,loro,Gato,1,Q22V9cOe
969-97,Gerik,loro,Gato,18,ppTaVVIF
623-05,Zed,perro,Tortuga,19,G6k3m66g
252-62,Vida,loro,Conejo,11,c2dQwzul
097-68,Schuyler,loro,Perro,20,f27l0uf6
469-88,Chloe,hamster,Perro,3,31MAP9oz
972-25,Perren,conejo,Pájaro,14,D8Z23948
666-77,Perrine,loro,Gato,0,u0P1W0G3
866-02,Madelena,loro,Conejo,3,7Cp0B3Mz
487-55,Brunhilde,gato,Gato,3,LygPwPJ1
142-70,Jenica,loro,Pájaro,14,4A2PZL3K
891-52,Val,gato,Tortuga,9,qjMU656w
784-43,Sandye,perro,Gato,10,4nopLXhE
274-64,Christye,gato,Perro,3,63x63458
914-76,Angelina,loro,Gato,2,LCgsr0AP
108-22,Rozalin,gato,Tortuga,2,iCxHrs6H
956-84,Elmo,perro,Pájaro,0,28fa0uML
735-35,Hali,loro,Gato,15,dr0lLu43
541-61,Goldina,loro,Gato,18,Ar79vT3Z
926-39,Johannes,perro,Pájaro,12,c287bmPa
481-39,Feliza,conejo,Gato,8,562cT0VQ
175-06,Sibylle,loro,Pájaro,1,71nsPcB4
591-11,Shaylynn,perro,Perro,9,1Hid8d4z
051-86,Stinky,gato,Pájaro,0,PV45Gd3r
710-80,Torre,hamster,Pájaro,9,B0Nn2z2W
754-07,Lulu,gato,Gato,2,4kl42DV5
137-06,Bren,hamster,Conejo,2,ZcxSg5Dt
053-45,Elias,loro,Tortuga,7,H74jc6Qs
698-07,Marie-ann,loro,Tortuga,0,u2r4A1f6
011-50,Erhard,hamster,Conejo,10,U040fO4q
685-07,Reginauld,conejo,Tortuga,2,Zt2ULZ21
178-44,Regina,hamster,Perro,9,h4p3Bnwv
960-03,Cathie,gato,Tortuga,11,U4L0RwNk
005-55,Bondy,loro,Gato,9,b3E3x5Lg
095-78,Shandy,perro,Perro,2,e5xUQrsE
937-26,Koral,hamster,Perro,16,m26h8HRs
085-44,Starla,perro,Conejo,13,7NH8L3Up
004-85,Berti,perro,Pájaro,13,WFUu89TD
178-45,Letisha,perro,Perro,18,C287GpIx
007-25,Adham,gato,Pájaro,7,2Q5Y2qfK
884-49,Stavro,perro,Perro,8,sAJ6fKo8
152-46,Sheri,conejo,Pájaro,11,79o4XP8D
049-79,Jere,perro,Tortuga,9,vE8S81hc
826-13,Jennette,loro,Pájaro,18,En36LUqS
782-10,Juliane,loro,Conejo,14,P5dE6guY
594-66,Lorne,hamster,Conejo,18,OKGAS783
410-70,Sibilla,perro,Conejo,3,m1BR7646
579-52,Olag,loro,Tortuga,10,28ckZ423
282-99,Grissel,perro,Gato,19,yeKTwDhD
899-97,Horton,gato,Tortuga,10,x0aG4rr9
402-67,Irma,conejo,Conejo,12,o4LnkF7B
606-02,Opaline,hamster,Conejo,14,rfgA7Xzt
972-15,Maurine,conejo,Pájaro,0,XDOd56R2
227-00,Georgie,loro,Perro,10,NYc49EJf
909-52,Ram,gato,Tortuga,13,LpybDItT
517-11,Benoite,loro,Pájaro,2,QMV1rsx1
901-48,Devonna,hamster,Pájaro,13,53l99zmA
906-50,Johnnie,perro,Perro,5,I4nW3r7V
878-43,Jarrett,gato,Conejo,13,O45NNsZ5
180-05,Sibyl,loro,Conejo,5,94pLTQqr
860-39,Francklin,gato,Tortuga,5,5FE624ek
197-71,Antonella,loro,Pájaro,20,guNUz25e
205-12,Cherry,conejo,Gato,17,0JaU5rMX
621-95,Ripley,gato,Tortuga,16,ickQP3p9
991-16,Devondra,conejo,Conejo,9,D1jcTsO2
820-82,Curtice,hamster,Tortuga,17,lwY0IxCq
679-04,Trina,loro,Gato,19,uMgsTRxk
256-55,Sherri,perro,Tortuga,6,oTxKl5XA
817-20,Krysta,hamster,Gato,4,PMvAnxB6
446-00,Granger,hamster,Tortuga,8,MiFD0U4b
077-77,Thibaud,perro,Tortuga,0,cCS07BQb
929-10,Siobhan,gato,Perro,10,xe5yi82C
042-51,Emyle,perro,Gato,8,v73UbUEy
115-94,Gustie,conejo,Perro,16,yJ2LCkBQ
291-23,Yetty,gato,Conejo,0,4n0I523y
408-13,Kory,conejo,Gato,1,e0F9itcN
291-45,Austin,loro,Tortuga,19,TsYBR1am
580-83,Cirstoforo,hamster,Pájaro,17,bUiRtiE8
852-12,Pattie,gato,Pájaro,16,SPY35wUK
109-14,Heddie,gato,Tortuga,14,gDUE6N0R
212-43,Borg,gato,Gato,4,aklMXLNQ
485-98,Feodora,hamster,Gato,3,8116Svxb
574-58,Julie,conejo,Perro,9,491rzw3I
832-42,Nickolas,hamster,Pájaro,20,34t1sQV0
291-88,Olin,conejo,Gato,16,1UL7575b
702-16,Mab,gato,Tortuga,18,9VUXFsod
013-93,Corinna,perro,Tortuga,14,9T4Py3wI
178-93,Ashby,perro,Pájaro,20,749sZ5Oe
281-33,Adiana,perro,Gato,16,eCqOzu7J
823-68,Ryan,perro,Pájaro,5,tM1t2z61
002-92,Piper,hamster,Perro,2,KX97r62f
908-36,Sutton,conejo,Perro,19,6Zy4QSTj
079-80,Vanessa,gato,Tortuga,20,jT10n4zm
724-87,Kelcy,loro,Pájaro,10,3VAa71RG
670-82,Randene,perro,Perro,7,ebp8brwt
832-74,Delphine,perro,Conejo,18,KpDA9DFv
228-68,Wilden,gato,Perro,8,p69fJ28v
861-57,Heath,perro,Conejo,12,mgjsQtZY
795-47,Sadye,hamster,Perro,13,T25mriAf
493-46,Virgie,gato,Perro,17,9tYAYI6p
325-10,Billi,perro,Perro,9,P62wI335
281-09,Hugh,loro,Conejo,17,4NgMg97s
473-63,Kyla,loro,Tortuga,10,dxB2AhF4
136-72,Edna,hamster,Pájaro,8,s444tp2U
027-95,Marchelle,perro,Tortuga,17,s5b365LQ
197-28,Salome,hamster,Pájaro,8,gutXeUGr
072-32,Blondelle,perro,Conejo,14,nQVFZZgL
159-51,Alameda,hamster,Gato,1,ZT3ia50f
666-23,Margot,perro,Perro,14,564h1fVy
269-27,Robyn,gato,Gato,11,9xp7Ud70
618-57,Griff,gato,Gato,0,ZaKU5uho
707-93,Lyndy,hamster,Gato,1,8Yq9l0k3
859-14,Ezra,perro,Tortuga,8,026o04y9
341-93,Eldon,hamster,Pájaro,18,t839z3jz
606-36,Phylis,hamster,Gato,12,H6CSM33P
114-46,Valera,loro,Perro,5,O3p9J94M
092-76,Gwendolen,hamster,Gato,1,X9422Eg2
416-77,Ardenia,hamster,Tortuga,12,Iz39tnK7
355-52,Trixy,conejo,Tortuga,3,V2PL81Gt
124-07,Fleming,hamster,Perro,14,demm3d59
599-19,Aldo,gato,Perro,0,Qzcw9eNc
204-60,Stavro,perro,Pájaro,14,Fr1tE5U9
284-41,Vasily,hamster,Gato,20,No27eCk9
260-00,Hayes,loro,Perro,4,RW7tZarr
463-56,Cesare,loro,Conejo,8,267N9Eb4
489-79,Sarah,perro,Tortuga,4,Qq19I4n1
093-65,Edith,gato,Perro,20,tfYKSb6u
508-49,Adelbert,gato,Conejo,18,3Fsb23xS
143-32,Thoma,hamster,Gato,11,5Nc3dTmm
969-17,Aaron,gato,Pájaro,17,Ge0ph3Z6
188-41,Ebony,perro,Gato,15,TOfgHia6
309-81,Matt,perro,Pájaro,19,6wH8thEv
637-70,Adrien,gato,Gato,0,TjEu2n5o
906-29,Neal,hamster,Conejo,20,775r73HU
271-25,Farleigh,loro,Tortuga,15,0mjfkhfE
144-79,Farrah,gato,Gato,4,zTENg37a
076-45,Irving,perro,Pájaro,10,rQq9r0E5
387-74,Harwilll,conejo,Gato,16,43MhpiXT
005-91,Kameko,gato,Gato,14,Z0P785u2
288-67,Christoper,loro,Pájaro,10,G5CUGC05
419-22,Patsy,gato,Perro,6,R2R1bXqS
979-24,Suzanna,hamster,Perro,2,ADjZ76xu
521-76,Fairleigh,loro,Tortuga,12,1H2HLgZx
717-16,Lindi,loro,Tortuga,2,4egGfhK5
185-80,Lammond,perro,Perro,4,8ZiO9wnP
199-52,Hamlen,gato,Perro,15,ZOLkHL8v
683-48,Zared,hamster,Pájaro,2,d0TWUE8Z
463-41,Marcy,gato,Perro,12,8LLdTil1
259-93,Iorgo,conejo,Pájaro,8,NZsV618u
317-33,Rhonda,perro,Gato,3,0CYbOxXB
441-15,Tomkin,loro,Perro,9,3e0SQ1m0
579-19,Latrina,hamster,Tortuga,9,4RWNH31r
726-00,Elayne,conejo,Conejo,3,m36B32hs
839-87,Liliane,conejo,Tortuga,19,4b8GBAlD
211-02,Giraud,gato,Tortuga,15,1AI9ylXg
614-36,Lebbie,gato,Perro,17,WQwKv0cb
166-61,Adele,conejo,Pájaro,2,wec6r0Ii
753-25,Wendell,loro,Perro,10,0Qm8xz6O
085-28,Devora,loro,Pájaro,16,B45s9jBd
522-91,Leslie,conejo,Pájaro,3,sfR1h47q
953-29,Giffie,hamster,Pájaro,16,aaHXjf0h
182-03,Tyrus,gato,Conejo,11,YU0pgDgL
631-51,Letta,loro,Perro,19,ccL1xWsa
818-88,Kliment,loro,Gato,12,rBWm8WJ6
275-16,Melvin,loro,Tortuga,18,tSnH3tUJ
454-13,Lind,conejo,Gato,16,3eUBMP61
135-17,Cassaundra,loro,Conejo,9,6M6NQZaP
875-83,Jannelle,conejo,Conejo,9,2LClLwKy
024-02,Renie,hamster,Gato,7,6o79zC0S
406-56,Cyrille,loro,Pájaro,4,prCA9auC
088-49,Deina,loro,Pájaro,4,38P3LJQ4
856-15,Gipsy,perro,Perro,18,fh66x88P
368-90,Brand,perro,Gato,12,ab7ISZuj
791-71,Esmaria,perro,Perro,15,5bGh9O43
166-09,Teressa,hamster,Pájaro,14,0Q4ckfd0
744-28,Marris,perro,Pájaro,7,DaDb3A2b
127-79,Rufe,conejo,Perro,8,76ysV8wv
392-05,Polly,gato,Perro,1,vn9qshzA
117-03,Serge,hamster,Pájaro,16,POUW4jxE
945-07,Liana,loro,Gato,2,j1q0sD1G
575-99,Shane,conejo,Pájaro,0,O3pstPtO
091-03,Joachim,perro,Pájaro,16,uy2Q9skv
865-58,Murial,gato,Pájaro,20,43vCXr82
587-93,Lacie,loro,Pájaro,9,kt45B9c0
320-09,Davidde,conejo,Perro,1,Bo8BLId2
557-54,Buck,loro,Pájaro,12,16DEON0E
646-28,Sharona,hamster,Pájaro,19,fJ9ydLK9
688-05,Raynell,loro,Tortuga,12,2l8Z9CAy
656-65,Kim,gato,Pájaro,18,vY7d8cfw
183-55,Virginie,hamster,Gato,3,0t0W3c65
090-69,Chrissie,perro,Pájaro,19,KSFv0PT8
816-54,Kirby,conejo,Perro,12,0PA3IWfz
843-63,Patrice,perro,Perro,2,b3allT76
508-34,Fran,hamster,Pájaro,2,JootnI2z
743-18,Tobias,loro,Perro,4,mq85fxvp
860-93,Joellen,perro,Tortuga,4,40H61k1y
306-01,Kania,loro,Gato,1,3Ja9FzCj
786-85,Briggs,conejo,Gato,16,n1pt9D7b
485-69,Eadith,hamster,Perro,7,WD4wK8Pt
842-77,Andeee,gato,Conejo,18,o5v5G2lG
162-74,Orlando,conejo,Conejo,3,9Zd39IC9
962-82,Gene,loro,Tortuga,12,i1hqH5w4
050-09,Lanni,loro,Perro,3,2UfythtL
831-53,Gill,conejo,Gato,3,Hpz9P9f9
031-61,Torie,perro,Pájaro,10,J2M1WawJ
505-19,Brande,conejo,Tortuga,5,Z20iLzHR
374-29,Cleve,gato,Gato,0,eVCTLcO7
821-20,Sly,perro,Gato,11,pk194E6F
799-08,Hortensia,gato,Conejo,13,sjZli5b6
655-09,Alyssa,loro,Tortuga,13,gamQQtXc
658-49,Paten,gato,Pájaro,2,815lJQUu
338-48,Crichton,hamster,Pájaro,4,d4X8t2Z8
154-25,Polly,gato,Perro,4,u33pL58w
955-94,Joanna,hamster,Perro,2,R5zmfWJE
925-26,Garvey,hamster,Pájaro,9,v24bG3zb
727-52,Manolo,gato,Perro,18,1LFD6yX2
468-96,Margeaux,perro,Perro,16,jd52c32Q
591-45,Matelda,conejo,Conejo,0,814jHblZ
517-12,Ulrika,perro,Pájaro,9,U9L5j1lo
586-51,Catie,conejo,Pájaro,5,FWB5Ygx7
413-34,Iormina,conejo,Perro,2,I1hd5942
218-71,Garrek,gato,Tortuga,3,381c9056
832-64,Maxim,loro,Conejo,0,S3kzJO6C
754-52,Cornelia,gato,Tortuga,11,qWp1ddR2
917-58,Jon,conejo,Tortuga,17,q29K4KdL
710-83,Iormina,perro,Tortuga,4,e9Cdywx6
000-82,Kendall,loro,Perro,1,zCb0bXqZ
049-70,Balduin,perro,Pájaro,14,9LK76Oyy
380-35,Leslie,perro,Conejo,20,ukp65i84
537-05,Nickolas,gato,Gato,19,9uIwGyh5
382-35,Hazlett,conejo,Pájaro,1,4DocWf6k
240-06,Rourke,conejo,Conejo,7,u9mAPmmR
677-01,Elset,gato,Perro,18,i7VU383u
703-61,Catlee,perro,Perro,4,psbzVu8e
396-81,Dinah,conejo,Perro,12,2Uz2Xs0f
693-86,Haskel,loro,Conejo,8,yg7k7xbq
592-13,Ninetta,loro,Perro,9,IU54pL5p
401-21,Marijn,loro,Pájaro,7,2rm3gVgd
225-41,Frasco,gato,Conejo,5,9Wpv59v7
087-14,Karlotte,gato,Pájaro,6,0v11316B
627-44,Alana,loro,Perro,14,HoXjIAcV
910-27,Glen,conejo,Pájaro,1,54Qf84ey
073-97,Lorrin,hamster,Perro,16,fW65XGuu
515-90,Valery,hamster,Tortuga,12,4B2nD84p
120-79,Lizzie,perro,Perro,20,ETEV2S25
005-73,Janka,perro,Gato,9,eqPGfq87
026-71,Alexia,conejo,Conejo,13,JAbpWIcn
440-70,Fredelia,perro,Conejo,3,C13N7W2T
390-72,Luisa,loro,Gato,15,BrN55ZwV
011-30,Valeria,conejo,Perro,19,2KlKb8ni
398-39,Vinni,loro,Tortuga,10,A3Vf9T4r
087-29,Giffard,gato,Pájaro,8,UtfehF0i
072-35,Vasilis,conejo,Pájaro,18,Rus7k0i6
426-62,Keene,conejo,Pájaro,16,65N2oz2j
278-19,Janeczka,hamster,Gato,4,3hu1wnQ4
137-20,Valentin,gato,Perro,11,CHHn8B24
052-25,Roanne,gato,Tortuga,17,E0N54uKx
507-37,Sybila,hamster,Perro,20,a5hRjae9
678-01,Odelinda,conejo,Conejo,8,6mVT6Lyw
997-63,Dannel,hamster,Conejo,1,tFU7Ed5p
976-84,Pyotr,conejo,Conejo,12,pf02UZhJ
279-11,Donavon,hamster,Gato,1,LX4K3qV1
047-17,Jeanette,hamster,Gato,3,0Gz8XL4U
067-60,Darice,conejo,Perro,1,QRe0moo8
975-45,Melessa,hamster,Conejo,8,T6hhbV69
651-81,Timothy,gato,Pájaro,1,0878yfm9
305-91,Sigfried,gato,Tortuga,0,2T3FwSLM
885-12,Stacey,perro,Conejo,11,fqkg0GgT
764-32,Libbey,perro,Pájaro,2,wTdLRQC9
919-52,Gay,perro,Pájaro,5,IZA7P9rW
681-98,Burnaby,conejo,Gato,14,OS5059tb
130-81,Bearnard,loro,Gato,18,j9ZPvjHC
964-73,Clint,gato,Perro,2,93EGAx3G
174-18,Cornelle,hamster,Pájaro,6,Verblbaz
255-23,Devlen,gato,Tortuga,0,sZYji04b
219-92,Jules,gato,Tortuga,0,O45WAp8u
580-02,Titus,conejo,Gato,17,F1k6TatF
697-99,Denni,conejo,Tortuga,8,804qavQ3
351-49,Lorri,conejo,Tortuga,15,40H171sf
207-31,Leland,conejo,Tortuga,10,864HG64n
858-08,Alta,conejo,Tortuga,13,t8K57Bt0
453-79,Jodee,gato,Perro,13,m73zF7Yq
099-98,Bev,hamster,Pájaro,4,bN9NSVb3
769-82,Ina,conejo,Perro,7,7z55tLY9
298-32,Veronique,perro,Perro,15,u4c840C0
132-38,Tammy,loro,Tortuga,14,vrz6l3q0
199-31,Sissie,conejo,Tortuga,6,hgVjUb57
180-22,Mike,gato,Gato,1,n4RUeb15
360-12,Gregory,hamster,Pájaro,1,20O12Dnr
368-15,Nollie,loro,Perro,18,r5qOHjeB
128-23,Brannon,loro,Perro,9,D7Z9pIwa
456-96,Winnah,gato,Conejo,11,5kdvR289
527-68,Corrie,perro,Conejo,3,5O45EW9P
238-32,Bertina,loro,Gato,16,ZFF2hC5m
288-51,Gretal,gato,Gato,17,3gwIvvUc
309-29,Taddeusz,hamster,Perro,6,rp9Z4Xk8
296-93,Hadleigh,perro,Conejo,10,8C72e25I
763-35,Lenard,conejo,Perro,17,ofzCn2HJ
919-35,Rennie,gato,Conejo,15,K0a03z80
119-05,Nan,perro,Pájaro,11,UCvcK8m2
488-10,Matthieu,gato,Pájaro,18,vCE42c8K
619-62,Merna,perro,Conejo,3,O9pOqgc4
218-64,Tab,loro,Conejo,0,OU4eA2m1
794-92,Johnathan,conejo,Gato,4,663388V9
224-53,Abe,loro,Perro,1,VN3P1WF5
164-98,Leroi,hamster,Pájaro,9,tm3F3RgE
568-13,Nobie,perro,Pájaro,4,6n89tovY
205-46,Kiele,perro,Perro,20,irY35fi0
961-02,Clayborn,hamster,Tortuga,9,Y3u1R79u
355-51,Dona,conejo,Tortuga,20,E0No3Dk1
354-30,Jacinthe,hamster,Conejo,2,21IgB7Uz
852-69,Chrissy,loro,Pájaro,11,Du3q57K7
439-79,Lorene,hamster,Perro,9,nm3K5E6b
658-20,Archie,conejo,Pájaro,2,7CXo1Bhx
349-66,Gib,perro,Gato,19,x385TFkW
070-70,Inez,conejo,Pájaro,8,50RfkW63
987-11,Druci,conejo,Perro,19,UevGx2Rd
189-91,Rana,perro,Perro,14,PQ853AYG
906-17,Bonnie,loro,Gato,14,P9w55jUk
644-27,Davin,loro,Conejo,20,c0D2YJ04
950-19,Kennedy,hamster,Conejo,11,KJFCPR2R
647-17,Rickert,conejo,Conejo,11,C9EcF3KP
154-40,Justine,gato,Pájaro,6,5Eu7KN9O
891-52,Frankie,hamster,Tortuga,2,bi8lk7qv
335-77,Cob,hamster,Gato,7,z6693pqR
266-44,Antonella,hamster,Gato,10,MeG849Hd
123-45,Farrel,gato,Perro,9,957Nu43H
637-01,Nydia,gato,Pájaro,17,fg2QU5I4
666-92,Adolph,hamster,Gato,15,82d7D0c3
435-89,Rhonda,conejo,Perro,15,26UiWr26
248-48,Tyrus,conejo,Tortuga,1,WBMelKV6
516-33,Gladi,hamster,Perro,10,Y5Y2H9UT
250-81,Lauri,loro,Tortuga,9,sw21Neo4
876-07,Thoma,loro,Conejo,6,64fTM65g
223-47,Betteanne,perro,Pájaro,0,qn31KI0Q
533-07,Clair,hamster,Perro,16,49VuN8zD
733-53,Stanislas,gato,Tortuga,9,0UGYXVb8
767-57,Kizzee,hamster,Perro,11,y0xnlxmt
287-94,Lydie,perro,Pájaro,4,l1sGsQa8
622-12,Elnore,perro,Gato,10,VSlmcuk4
068-83,Cyrille,gato,Pájaro,4,xHuiQETT
432-92,Gilly,perro,Tortuga,16,Gn1ZT44T
227-05,Bertram,loro,Tortuga,11,01eb71xn
865-90,Billy,perro,Perro,20,VvPp2ZVK
872-97,Petunia,hamster,Tortuga,6,cS205qmq
375-28,Harper,loro,Perro,3,gX3d881z
512-77,Kelley,loro,Conejo,1,5qci5Kk4
435-54,Rozella,conejo,Tortuga,18,78PNVXkg
524-36,Gaynor,conejo,Tortuga,10,2T1z2hQR
320-04,Keelby,hamster,Perro,10,aG976qF5
508-27,Darelle,hamster,Pájaro,3,2b3pY9k9
408-57,Ashlee,perro,Pájaro,14,4wWdj298
665-54,Zacharie,loro,Gato,1,2X4Ov8OB
064-08,Harold,gato,Perro,5,8JCG0A5s
677-64,Haley,hamster,Pájaro,14,xSEc1dHe
597-33,Muffin,gato,Gato,17,i84329Rl
901-25,Talyah,perro,Pájaro,9,3mN0lD1C
025-21,Gabbie,hamster,Tortuga,15,wC81Wgd6
331-85,Neale,hamster,Pájaro,4,dB8Hm9Hq
788-79,Margie,gato,Pájaro,11,l7243oiW
921-76,Lurleen,conejo,Gato,17,22810d0Z
722-00,Onfroi,loro,Conejo,1,G7Y12Nq4
856-82,Fergus,conejo,Gato,1,M3G434p7
380-38,Wainwright,conejo,Tortuga,16,zVh37HPu
710-20,Doug,loro,Pájaro,13,kQ4Ytk1P
416-27,Sheridan,hamster,Tortuga,16,uITdVnP9
425-61,Laina,conejo,Gato,18,P0n4nMc5
812-08,Franky,conejo,Tortuga,12,06T29ZNA
455-37,Abdul,loro,Gato,5,09Pzr79k
895-18,Irving,gato,Conejo,8,72hhbiPY
846-20,Lorenzo,gato,Tortuga,8,fX4pmcw4
184-30,Raychel,loro,Conejo,18,fGzYuKSk
658-03,Leeland,loro,Pájaro,9,4RvFCsHF
700-57,Townsend,conejo,Conejo,18,IAxSt6GQ
991-26,Angy,perro,Pájaro,4,zG5nLagb
012-03,Cookie,gato,Gato,1,T5o4pqte
173-62,Waylan,loro,Pájaro,11,Zl9UkYOT
448-02,Barnebas,hamster,Perro,12,d0lJAJdU
137-55,Willem,loro,Perro,12,9BUpBfe8
667-66,Leland,gato,Conejo,2,a7h42s4s
260-00,Gabriell,hamster,Gato,1,8SUg2T5y
433-54,Erin,perro,Pájaro,9,eM8HnO8i
159-94,Jeramey,gato,Gato,17,uIBQ0wMD
953-51,Evangelin,loro,Pájaro,20,i6995B35
725-48,Roch,conejo,Tortuga,13,WQSRQVsV
589-87,Lindsay,hamster,Pájaro,12,17K93BZ4
878-27,Florenza,gato,Pájaro,12,Cyh45u6V
776-20,Othello,perro,Gato,18,h012Qk05
859-29,Josepha,hamster,Gato,11,9b4xMdUs
994-64,Wilie,gato,Gato,16,08DmS2xb
255-31,Salomo,gato,Conejo,8,x1MRttGg
801-05,Aldridge,perro,Perro,4,efHD5Mep
735-53,Caryl,loro,Conejo,3,1Slu1U6B
212-74,Benjy,conejo,Tortuga,6,acUxX3cB
739-69,Karleen,loro,Gato,8,7kcw2Vgv
641-92,Karlan,perro,Conejo,6,87raov4d
943-16,Ulrikaumeko,gato,Perro,10,B3L04659
510-60,Thelma,hamster,Gato,16,nAoY8RO9
039-48,Lorri,conejo,Tortuga,8,Eq7OKwIm
461-69,Cirilo,conejo,Gato,11,1Y9eW50T
659-81,Terrel,hamster,Tortuga,14,L5F7p1DB
542-23,Susanne,conejo,Conejo,5,x6IV8DY1
817-92,Claiborn,hamster,Tortuga,17,9A0TUUaU
586-28,Jeannine,hamster,Tortuga,18,9fWFkJye
962-48,Rick,gato,Gato,13,g3ofSz29
792-40,Hagen,perro,Conejo,20,3hxULevC
338-63,Mable,gato,Conejo,15,YCdqf758
919-40,Mollie,gato,Pájaro,13,0UywE3Mi
020-38,Melly,gato,Pájaro,11,ZYp814Tp
868-56,Roddie,conejo,Pájaro,13,7FxV4z5r
176-19,Yolanthe,loro,Gato,12,mYiGojG2
476-53,Adelbert,hamster,Conejo,2,X7lqW93N
576-63,Corissa,gato,Tortuga,3,s213hW7q
786-30,Pierre,perro,Perro,10,chNR6oiW
625-52,Chris,hamster,Conejo,16,9KCN3UAA
061-14,Madlin,conejo,Tortuga,20,rMOiSLt8
853-93,Harwilll,loro,Pájaro,15,f3Qykr78
440-38,Portia,perro,Pájaro,16,Y9T2pTUa